Nombre,Secuencia,Longitud,Pares_Nussinov,Pares_DBN,Error_Pares,Pares_Bruteforce,Coincide_Bruteforce,Tiempo
bpRNA_CRW_52605,GGGUGUUUGGUCUAGUGGUAUGAUUCUCGCUUCGGGUGCGAGAAGUCGCGAGUUCGAUUCUCGCAACACCCC,72,28,22,6,28,True,0.010406970977783203
bpRNA_RFAM_24251,UUUCAUGAUGAAUUUGUGUUUUUAAUCUUAUCUACAUUAUCUGAAUUAAUAGCUAACAAUAGUUAUAAUGGAAGAUAUACAACUAUCAAUAAUUCUGAAA,100,45,2,43,45,True,0.026894092559814453
bpRNA_CRW_34580,GGCGGAUGUAGCCAAGUGGAUCAAGG,26,8,3,5,8,True,0.0006079673767089844
bpRNA_RFAM_4664,GAACGCCGUGUGCGGGGAAACUCGCACGCACGGUGUGAAGCGGGGAAAAAUAGCCCCUCCGGGUAAUGCCGAGGGUGACUAUUACCUAUCGCUAU,95,40,19,21,40,True,0.02313685417175293
bpRNA_CRW_45379,CGGGAUAGCUCAGCUGGUAGAGCAGAGGACUGAAA,35,11,4,7,11,True,0.0013492107391357422
bpRNA_RFAM_14392,GGAGUUGGCUGCUAGGGUUCCGGCCUUGCGUGAUGCAGGGUGCUGGUCCGAGAGCGGCCGCUUGCGGGGGAGACAUCCUCGCAGGACACGGCGGGACAAAAGCCCGGGAGAC,112,44,20,24,44,True,0.03700900077819824
bpRNA_CRW_42416,GGGUUGCUAACUCAACGGUAGAGUACUCGGCUUUUAA,37,16,4,12,16,True,0.0015883445739746094
bpRNA_CRW_35846,GGCGGAUGUAGCCAAGUGGAUCAAGGCAGUGGAUUGUGAAU,41,14,5,9,14,True,0.0021178722381591797
bpRNA_CRW_24793,GGGGGUUUAGCUCAGUUGGUAGAGCGCCUGCUUUGCAAGCAGGAUGUCAACGGUUCGAGUCCGUUAACCUCCA,73,30,22,8,30,True,0.01085209846496582
bpRNA_RFAM_34042,AGAUGCAAGCGCUGCUGAGGCAGCCGAAUGUGGCCAGAAACCUGAAAGGUCACGCCGCAACCGCGGUGGUUCAACCCCCAAGUACGAUUCGCAUCCGGCAGCUCGUACGGUCACUACCCAUGUGAUGGAUGC,132,58,22,36,58,True,0.061470985412597656
bpRNA_RFAM_22620,CAGCGAGAAAGGCAAACUGAUGGAAACAUUAGGACGCAAAACUACAGGAGCUAAGGCCGAAAGGCUACGCUAGCCAGUUACCGGA,85,29,19,10,29,True,0.01686573028564453
bpRNA_CRW_43708,GGGGCUGUAGCUCAGUUGGUUAGCAGCGGGUCGCUCAUAACGAUCAGGUCGUAGGUUCAAGUCCUACCGGCCCCA,75,32,22,10,32,True,0.011768102645874023
bpRNA_RFAM_2215,UCCAGUCGAGACCUGAAGUGGGUUUACUGAUGAGGCUGUGGAGAGAGCGAAAGCUUUACUCCCACACAAGCCGAAACUGGA,81,34,14,20,34,True,0.014775753021240234
bpRNA_CRW_54274,GGGGCUGUGGCCAAGCCCGGCAUGGCGACUGACUCCAGAUCAGUCGAUCGGGGGUUCAAAUCCCUCCGGCCCCA,74,34,22,12,34,True,0.01129603385925293
bpRNA_RFAM_32433,AACGUUCAUCCCUUUAGGGACGGAAGUAGACUAAUGUCGAAGGAACGCAUG,51,21,10,11,21,True,0.004018068313598633
bpRNA_CRW_44067,CGCGGGGUGGAGCAGCCCGGUAGCUCGUCAGGCUCAUAACCUGAAGGUCAUAGGUUCAAAUCCUAUCCCCGCAACCA,77,33,22,11,33,True,0.012601137161254883
bpRNA_RFAM_678,ACAUACGGCCAUAGAUUGAAGAAUAUACGGGAUCCCGUCCGCUCUCCCAUAGUCAAGCUUCUAAUCGCCUCGUUAGUACUGCGGUGGGUGACCACACGGGAAUCCGAGGUGCUGUAUGCU,120,54,33,21,54,True,0.04589414596557617
bpRNA_RFAM_26446,UAAACGUUUCACCGGUUUGUAAAUUGGAACUUCGUAGUUCGCCAGACGCCUUCUUCGUAUCAAGGAACUGGAAAUUGUACGGUGAGUCUGUCAUUUUAUUUUCUACUUUUCGUACCAGUC,120,49,20,29,49,True,0.04584193229675293
bpRNA_CRW_36397,GCCGCCAUAGCUCAGUCGGUUAGAGCGUGGGUCUAAUAAGCCCAAGGUCGCAGGUUCGACCCCUGCUGGCGGCA,74,32,22,10,32,True,0.011933088302612305
bpRNA_RFAM_6073,AAUGAAUGAUGACAAAAUGUUUCAGUCCCAAAUGAUACAUACUGAUUAUACCGUUAAUACCGUUAUAUUUAUCCUGACAUU,81,36,3,33,36,True,0.020315170288085938
bpRNA_CRW_19374,GCUAUGCCCGAUCUCGUCUGAUCUCGGAAGCUAAGCAGGUUUGGGCCUGGUUAGUACUUGGAUGGGAGACCGCCUGGGAAUACCAGGUGCUGUAAGCUU,99,40,20,20,40,True,0.03366684913635254
bpRNA_CRW_16047,UCCUGGCGACCAUAGCGGUCCGGCCCCACCUGAUCCCAUCCCGAACUCAGAAGUGAA,57,22,7,15,22,True,0.0054399967193603516
bpRNA_RFAM_17843,UUGCUCUCAUGAUGUAAGCACUGGGCACAGACAAUUGCUGUGGUGAUAAAAGUGCCCCCAUGCCUUUGACAUCAUGGGGACUGAGGAGCAA,91,40,6,34,40,True,0.020626068115234375
bpRNA_CRW_50012,GUUGGGAUAGCUCAGUUGGUAGAG,24,7,3,4,7,True,0.0004949569702148438
bpRNA_RFAM_29775,UUCUAGCCCUGAUGGAAGCGACAUCCUUUUAACGCUUCCCAAGCGUUAAAAGAUACAGCGUACAGCAGGACCCAAC,76,30,19,11,30,True,0.012188911437988281
bpRNA_CRW_26184,UCCCCUGUAGUUCAGUCGGUAGAACGGCGGACUGUUAAUCCGUAUGUCACUGGUUCAAGUCCAGUCAGGGGAGCCA,76,33,22,11,33,True,0.012018918991088867
bpRNA_RFAM_36655,CAAUAGACACCCAUCGUGUCUUUUGCUCUGCAGUCAGUAAAUAUUUUGUUGUGAAUGUGUAGCAAAAGACAGAAUGGUGGUCCAUUG,87,36,32,4,36,True,0.017831802368164062
bpRNA_RFAM_27980,UGUGUCAACGGUACCGGAACGAAGUGAGGAUAAGGAGUUGACAUAUUCAGCGCU,54,21,8,13,21,True,0.0045969486236572266
bpRNA_RFAM_16585,GGCAGAUGCACUCUGUGACACACAGAAAUCCACUUGUGAUUACAAUUUGUUAGUUUGCCAGAGCAAGGGGAUGCGGUUUAUCCAUGUAGUCUAAGCCCUGCCUGGGGGAUUGCAUUGAAAACGUAUCUUACACUAU,136,59,41,18,59,True,0.06567597389221191
bpRNA_RFAM_39566,AUUUUAAUUAAGAGGCAACUCUUAACUGGCCAUUUAAGGAAAAACCGAGAGGUUCAAGCUUAAAGGGCAGAAAGAUGAACCUAGUAGCGCUAGAAUAGUUCAUCGGGAUGGCUUGGCGGUAGCGCCUACAACGACGAGCCAA,142,57,39,18,57,True,0.07638692855834961
bpRNA_CRW_40201,GGGCUAUUAGCUCAGGUGGUUAGAGCGCACCCCUGAUAAGGGUGAGGUCCCUGGUUCGAAUCCAGGAUGGCCCA,74,32,22,10,32,True,0.011198043823242188
bpRNA_RFAM_21329,CUGUUUGUUGCAGUUUCGGUUUGUGACCGACACUAACGGGUAGUUGGGGCACCUCGAAUACGCUGUUUUACUCGUUUUUGCGAUCACAAAUUCUGAAAUUGCAACGA,107,44,37,7,44,True,0.032649993896484375
bpRNA_CRW_48885,GCCGGGAUAGCUCAGUUG,18,7,0,7,7,True,0.0002357959747314453
bpRNA_RFAM_20037,AGUCUAACAGAAUCCUUUCUGCACAAACUAGAAUGAUUUGACACUCAGUGUGCGGAAACGCUUCUGCUCCACU,73,32,15,17,32,True,0.010720014572143555
bpRNA_RFAM_38678,CUCGUUGUGCGACCAACGGUAGCCUAGGGAAACGUGCGUUGCUGGUAACGGCAGGGUGCGAAGCUUUCCCGACAACGUAGCCCCCGCGAGGGUGCGAAUUCACCGUGAGGUGAACCGCAGAGGGUCGGAGUAGCACCGACCCAAGGCG,148,64,38,26,64,True,0.0845022201538086
bpRNA_CRW_21833,GGGCCUUAGCUCAGCUGGGAGAGCGCCUGCUUUGCACGCAGGAGGUCAGCGGUUCGAUCCCGCUAGGCUCCACCA,75,33,21,12,33,True,0.011609077453613281
bpRNA_CRW_46670,CGGGAUAGCUCAGCUGGUAGAGCAGAGGACUGAAAAUC,38,13,6,7,13,True,0.001703023910522461
bpRNA_CRW_37089,GGGCUUGUAGCUCAGUUGGUUAGAGCGCGCGCUUGAUAAGCGUGAGGUCGGAAGUUCAAGUCUUCCCAGGCCCACCA,77,33,22,11,33,True,0.012639999389648438
bpRNA_RFAM_30224,GAUCAAACUUAAGGACGUGGUGGCCUGUCAGUAACUACUGAAUCGGAAUGCUGCUCACGCAGAAUCCAUAUUCACUGCGCGACGGGCCA,89,39,20,19,39,True,0.019429922103881836
bpRNA_CRW_49543,UCGGGAUAGCUCAGUUGGUAG,21,7,1,6,7,True,0.0003807544708251953
bpRNA_CRW_46116,GCCGGAAUAGCUCAGUUGGUAGAGCAGAGGACUGAAAAUC,40,14,6,8,14,True,0.001971006393432617
bpRNA_RFAM_10692,GCUUUCUCCCAGAUUGCGCCUGGGUGAUAAGCGAGCGUCGAACUGGUUGCAGCCGGUUCGGCGCUCAUUUUUUCGUUU,78,30,23,7,30,True,0.013103961944580078
bpRNA_CRW_49225,CCGGGAUAGCUCAGUUGGUAGAGCAGAGGACUGAAAAUCCUCGUGU,46,17,10,7,17,True,0.0029299259185791016
bpRNA_RFAM_8738,GGCGGGUCUCCCCGCAUGGCAAAUCGGAACACCGGGUCAGGGGCGGAAGCCAGCAGCCCACUCCGGUGCGCCAGUGCCGGGGGUUUGGCCCGCC,94,40,33,7,40,True,0.02252507209777832
bpRNA_RFAM_30542,UAACCCUGCGUACAACUGCUCUUAAACCGAGACCUAUAGGCAGUCUAAUACUUCGUCUCUCAUAUCCAUCAGUGAAGGGAUUGAUGGAAAUAUAAGUUUCG,101,44,13,31,44,True,0.027353763580322266
bpRNA_RFAM_20751,GUGCAGAUAGCAGCGCCAUUUACAGAGCUAUAAGCAUCAUAGUUGUCAUAGCUCUUUGAAUGGUACUGCCAUAUGCAC,78,36,25,11,36,True,0.013180255889892578
bpRNA_RFAM_31884,UGUUUACAGGGGAAUGAGGUUCUCCCUUAGUGUCAUACUAAAACCGCUUAUUUAAGCUGAUGACUUCUGUGUGAUU,76,30,10,20,30,True,0.012003183364868164
bpRNA_CRW_41679,GGGUCGUUAGCUCAGUCGGUAGAGCAGUUGACUUUUAAUCAAUUGGUCGCAGGUUCGAAUCCUGCACGACCCACCA,76,33,22,11,33,True,0.012073993682861328
bpRNA_CRW_30080,GACCCGUUGGUCAAGUGGUUAAGACACCGCCCUUUCACGGCGGUAACAUGAGUUCAAAUCUCGUACGGGUCA,72,31,22,9,31,True,0.010365009307861328
bpRNA_CRW_37937,GGUCCCGUAGCUCAGUUGGUUAGAGCGUUGGUCUUAUGAGCCGAAGGUCGCGGGUUCGAGCCCCGCCGGGACCAAUG,77,32,22,10,32,True,0.012656211853027344
bpRNA_RFAM_36133,GUAUUCUAUGGGGUGCAAGCUUUAAGUGCAACUUAAGUACUAAUUUAUUUAUCAGACCCUUAUGUAAUUUGUGCAUUACUGCUAGCCAACAUGAAUGUUAUAUA,104,45,28,17,45,True,0.02971792221069336
bpRNA_SPR_280,GGCCGUGAUCGUAUAGUGGUUAGUACUCUGCGUUGUGGCCGCAGCAACCUCGGUUCGAAUCCGAGUCACGGCACCA,76,34,21,13,34,True,0.01207590103149414
bpRNA_CRW_40567,GGGCUUGUAGCUCAGUUGGUUAGAGCGCGCGCUUGAUAAGCGUGAGGUCGGAGGUUCAAGUCCUCCCAGGCCCACCA,77,33,22,11,33,True,0.012567996978759766
bpRNA_RFAM_26320,GAGUGAUGAGGAAAUGCUCCUGUGACAACUGGGUUCGUCACAUUCAUCUGAUCUCAGAUGUUUACGAGCUAGUCUGAACUC,81,35,3,32,35,True,0.014460086822509766
bpRNA_CRW_47208,GGUCGGGAUAGCUCAGUUGGUAGAGCAGAGGACUGAAAAUCCUCGUGUCACCAGUUC,57,22,10,12,22,True,0.005290985107421875
bpRNA_CRW_19412,CCAUACCUGGCUGAGAACACCAUAUCCCGUCCGAUUUGUGAAGUUAAGCAGCCACAGGCUUAGUUAGUACUGGGGUCAGUGAUGACUCGGGAACCCUGAGUGCCGUACGCCAAUAUUAUUUU,122,54,29,25,54,True,0.04722905158996582
bpRNA_CRW_28817,GUCCCCUUCGUCUAGAGGCCCAGGACACCGCCCUUUCACGGCGGUAACAGGGGUUCGAAUCCCCUAGGGGACGCCA,76,33,22,11,33,True,0.012077093124389648
bpRNA_CRW_16721,UGCCUGGUGACCAUAGCGAGUCGGUACCACCCCUUCCCAUCCCGAACAGGACCGUGAAACGACUCCGCGCCGAUGAUAGUGCGGAUUCCCGUGUGAAAGUAGGUCAUCGUCAGGC,115,50,37,13,50,True,0.03973722457885742
bpRNA_RFAM_9426,GGACUCGGCUUGCUGAGGCGCACGGCAAGAGGCGAGGAG,39,13,11,2,13,True,0.0018258094787597656
bpRNA_RFAM_20989,CCCAAACUCAUGCCAGGGGUUCUGCGGUCGGCCCCCCUCCCGAAGUUCCCCAAACAGGUGGCGGGCACAGAGUGCAGACUCUGUGUGUGGC,91,37,29,8,37,True,0.020163774490356445
bpRNA_RFAM_29013,AAUUGUGUGAGGAGUGAGAAGAAAGCAAAGUCCUUGGGGUCGAAACACGGCAAGACUCCCGAGGGCUUUUCCAU,74,28,14,14,28,True,0.011175870895385742
bpRNA_CRW_50774,GGCCACGUAGCUCAGUCGGUAGAGCAAAGGACUGAAAAUCCUUGUGUCGUUGGUUCAAUUCCAACCGUGGCCACCA,76,32,22,10,32,True,0.012078046798706055
bpRNA_CRW_22484,GGGGCCUUAGCUCAGCUGGGAGAGCGCCUGCUUUGCACGCAGGAGGUCAGCGGUUCGAUCCCGCUAGGCUCCA,73,31,22,9,31,True,0.010854244232177734
bpRNA_RFAM_32355,AUCGUUCAACUCUUUUAGAGUCGGAAGUAAGCGAAAGCUGAAGGAACGCAAC,52,20,10,10,20,True,0.004083871841430664
bpRNA_CRW_44701,AAAUGGUCGGGA,12,3,0,3,3,True,8.20159912109375e-05
bpRNA_RFAM_12085,GAUUGGCUGGGAUGAUGAAUCAAUUAGAUGUGUGAACUCACCUUAUGAUCUAAAACUUUUGAGGCAUAAUUACUUUCUGACCUGCCAAUC,90,39,9,30,39,True,0.01962113380432129
bpRNA_RFAM_25629,GCGCCAGCAAAAUCUGGCGUCGGGAUUGGAACCCCGGAUAGAGACCGCGACAGACACACGCCGCGAGCGUGUUUUUU,77,33,17,16,33,True,0.012434959411621094
bpRNA_RFAM_22146,CUCAGCUGAAUGCGUGACUCUGCAACCUCAGGACUUGCAGGAUUAAGAGAAUGCCGUCCUAAGGUUGUUGAGUUGUGCGUUUCUGGAC,88,37,28,9,37,True,0.018342018127441406
bpRNA_CRW_23942,GGGGCUAUAGCUCAGCUGGGAGAGCGCCUGCCUUGCACGCAGGAGGUCUGCGGUUCGAUCCCGCAUAGCUCCACCA,76,34,22,12,34,True,0.012439727783203125
bpRNA_CRW_32697,GCGGAUAUAGUCGAAUGGUAAAAUUUCUCUUUGCCAAGGAGAAGACGCGGGUUCGAUUCCCGCUAUCCGCC,71,32,22,10,32,True,0.009917020797729492
bpRNA_CRW_54512,CUCCUGAUGGUGUAGUUGGUUAUCACACCCGGCUGUAAACCGGUUGGUCGCUAGUUCGAUUCUGGCUCAGGAGACCA,77,33,22,11,33,True,0.012539148330688477
bpRNA_CRW_33589,GCGGAAGUAGUUCAGUGGUAGAACAUCACCUUGCCAUGGUGGGGGUCGCGGGUUCGAAUCCCGUCUUCCGCU,72,29,22,7,29,True,0.010271310806274414
bpRNA_CRW_42370,CCGACUAGUUCCGGGUUCGAAUCCCGGGCAACCCA,35,15,5,10,15,True,0.0013570785522460938
bpRNA_RFAM_23258,GUGCGAUUUACCGUGUCUGUGGCGUCGUUUGAGUUUCGAAAGAAGCGAGAAGUUGCAGCCUUUAAAAAUUGCCUAGCGACUUUUUUGACUUUUUGGGGUCAAUCUUUGUAAAACGGCUACUUGGGU,126,48,27,21,48,True,0.05215311050415039
bpRNA_RFAM_34724,AGCUCCACCGGAUCGCACGCACGCGUGACGACCAGGUAGUCGCGCAGCGCGAUGCCGUGGCGGUUCUC,68,29,21,8,29,True,0.008760929107666016
bpRNA_RFAM_15932,UGCCGCUGCCCUCCUUGGGCGUUUCCUCCCUAGACUUGGACCGCUCCGGCAACGUGAGCGGUCCCUUUCUUUUUGGGCC,79,27,13,14,27,True,0.013512134552001953
bpRNA_CRW_52163,GGGUGUUUGGUCUAGUGGUAUGAUUCUCGCUUCGGGUGCGAGAGGUCCCGAGUUCGAUUCUCGGAACACCCC,72,27,22,5,27,True,0.010345935821533203
bpRNA_RFAM_24537,UGGAGGACUGAGAAGGUGAGGCAGUCUCAUACCAUACUGCUUUCUACUGGUUAAGACCUCCAACAGCGAAGGGUUGCCCAGGCAGAGGAUGUCCCUCUGCCAACUUCGGAGGGGCAGCACUGUGCUGGCCGACAUUUG,138,60,31,29,60,True,0.06816625595092773
bpRNA_RFAM_32341,AUCGUUCAACUCUUCGGAGUCGGAAGUAAGCGAAAGCUGAAGGAACGCGCU,51,20,10,10,20,True,0.0038521289825439453
bpRNA_CRW_53269,CGGUGAAUAGCGCAGCUUGGUAGCGCAUCUGGUUUGGGACCAGAGGGUCGGGGGUUCGAAUCCCUCUUCACCGACCA,77,32,22,10,32,True,0.012613058090209961
bpRNA_CRW_22490,GGGGGUAUAGCUCAGUUGGUAGAGCGCUGCCUUUGCAAGGCAGAUGUCAGCGGUUCGAGUCCGCUUAUCUCCA,73,30,22,8,30,True,0.010722875595092773
bpRNA_RFAM_12091,GAACAUGUGGUGAUGAGCAACUUCUUUGUGGACUAGGGUUUCUGAUAACACUACGCAGUGUUUGAUGACCAAACCCUUUGGUUGUCUGAGCUCCUCU,97,39,16,23,39,True,0.024465084075927734
bpRNA_CRW_44715,GUCGGGAUAGCUCAGCUGG,19,7,0,7,7,True,0.00026106834411621094
bpRNA_CRW_32683,GCGGGUAUAGCUCAGUGGUAGAGCGUCACCUUGCCAAGGUGAAUGUCGCGCGUUCGAAUCGCGUUACCCGCU,72,31,22,9,31,True,0.010335922241210938
bpRNA_CRW_23956,GGGGGCUUAGCUCAGCUGGGAGAGCGCCUGCUUUGCACGCAGGAGGUCAGCGGUUCGAUCCCGCUAGUCUCCACCA,76,33,22,11,33,True,0.012045145034790039
bpRNA_RFAM_22152,ACCGAUAUCUUUGUCUUAUUUCUGAGCUGAGGGGUUAUUUUUAUGCAGUCUAAAUGAUCUCAGCUGUCCGAAAAUGUCUUCAAGUUUAAAGGCUU,95,39,26,13,39,True,0.022838115692138672
bpRNA_CRW_54506,CCCCUUGUAGCUCAGUUGGCAGAGCGGGAGACUGUAGAUCUCUAGGNCACUGGUUCGAAUCCGGUCGAGGGGACCA,76,33,22,11,33,True,0.01207590103149414
bpRNA_CRW_42364,CCGACUAGUUCCGGGUUCGAAUCCCGGGCAACCCA,35,15,5,10,15,True,0.001354217529296875
bpRNA_RFAM_3679,CAACUCUGGUUUCUCUUCAAUUGUCGAAUAAAUCUUUCGCCUUUUACUAAAGAUUUCCGUGGAGAGGGACACACUAAUGAGUCUAGACUCAAUUUUUUGAUAGGGCCCUGCUGCUUGCGGGGCC,124,54,30,24,54,True,0.04953598976135254
bpRNA_RFAM_34730,AGCUCGACCGGGUCGACGCCGCGGGUGACCACCAGGUAGUCGCGCAACGCGAUCCCGUGCCGGCCUUC,68,31,21,10,31,True,0.008774757385253906
bpRNA_CRW_52177,GGGCAUUUGGUCUAGUGGUAUGAUUCUCGCUUUGGGUGCGAGAGGUCCCGAGUUCGAUUCUCGGAAUGCCCC,72,26,22,4,26,True,0.010653257369995117
bpRNA_RFAM_15926,UGCAAAUACCCUCCUUGGGUGUUUCCUCCCUAGACUUGACCGCGCCAUUGGCGCGGUUCUUUUUGAGCACG,71,27,11,16,27,True,0.009981155395507812
bpRNA_RFAM_24523,UUGCAUGUGGAAAUACCUUCUCCUCAUUCUAUUUGGAGCAGGAAUGCAUCCAGAACAUGCUACACUAAAAGAGGAGUUCUCAGGGCUGCCAACCUUACAGUAGAGGUUGAGUAGUAGUAUAUUUCUCCUACAGAA,135,59,28,31,59,True,0.06400418281555176
bpRNA_RFAM_10686,GCUUUCUCCCAGCUGAUGACUGGGGGUUAGCCGACGCCUCGACAGUUACAGCUGUCGGGGCGUUCAACAUUUUUCAAGU,79,34,23,11,34,True,0.013512849807739258
bpRNA_CRW_46102,AAGCCGGAAUAGCUCAGUUGGUAGAGCAGAGGACUGAAAAUC,42,14,6,8,14,True,0.002273082733154297
bpRNA_CRW_18718,GGAUGCCGAUCAUACCAGCACUAAAGCACCGGAUCCCAUCAGAACUCCGAAGUUAAGCGUGCUUGGGCGAGAGUAGUACUAGGAUGGGUGACCUCCUAGGAAGUCCUCGUGUUGCAUUCC,120,53,37,16,53,True,0.046630859375
bpRNA_RFAM_30556,UAACCCUGCGUAAACUGCUCUCAAACCAAGACCUAUAGGCAGUAUAAUACUUCGUCUUUCAUAUCCUGUAGCGAGGGGUUACAGGAAAUAAGUUUCGCA,99,43,13,30,43,True,0.026087045669555664
bpRNA_CRW_49231,UGCCGGGAUAGCUCAGUUG,19,7,0,7,7,True,0.00026416778564453125
bpRNA_RFAM_28319,CUCAAUGGUGGCUGGGCGGGGGCACCGUAAGGUGCGCCGGUUGCCUGUAACGCCGGUAGUUCCAACCCCGUUCAGUCCACCACCAU,86,37,26,11,37,True,0.017289161682128906
bpRNA_RFAM_37239,CUAAUAGAUCAGAGAUGACCUAUGAUGCACUUACAGAAGUCAGCCGACGUCAUAGUAGAUGAUUUAAUCUUUCUGGAUUUUAAGGAGGGUCCACAUCGAAUCAUUGAAGGAC,112,50,21,29,50,True,0.037412166595458984
